,precision,recall,f1-score,support
conspiracy,0.47761194029850745,0.8888888888888888,0.6213592233009708,36.0
mainstream,0.9393939393939394,0.6391752577319587,0.7607361963190183,97.0
accuracy,0.706766917293233,0.706766917293233,0.706766917293233,0.706766917293233
macro avg,0.7085029398462235,0.7640320733104238,0.6910477098099945,133.0
weighted avg,0.8144003155786345,0.706766917293233,0.7230100983592461,133.0
