,precision,recall,f1-score,support
conspiracy,0.5154639175257731,0.819672131147541,0.6329113924050632,61.0
mainstream,0.9364161849710982,0.7751196172248804,0.8481675392670158,209.0
accuracy,0.7851851851851852,0.7851851851851852,0.7851851851851852,0.7851851851851852
macro avg,0.7259400512484357,0.7973958741862107,0.7405394658360396,270.0
weighted avg,0.8413121541778952,0.7851851851851852,0.7995355949759821,270.0
