,precision,recall,f1-score,support
conspiracy,0.7,0.6363636363636364,0.6666666666666666,33.0
mainstream,0.883495145631068,0.91,0.896551724137931,100.0
accuracy,0.8421052631578947,0.8421052631578947,0.8421052631578947,0.8421052631578947
macro avg,0.791747572815534,0.7731818181818182,0.7816091954022988,133.0
weighted avg,0.8379662749105774,0.8421052631578947,0.8395125745397978,133.0
