,precision,recall,f1-score,support
conspiracy,0.5,0.8285714285714286,0.6236559139784946,35.0
mainstream,0.92,0.7040816326530612,0.7976878612716762,98.0
accuracy,0.7368421052631579,0.7368421052631579,0.7368421052631579,0.7368421052631579
macro avg,0.71,0.7663265306122449,0.7106718876250855,133.0
weighted avg,0.8094736842105263,0.7368421052631579,0.7518899804050495,133.0
