,precision,recall,f1-score,support
conspiracy,0.36666666666666664,0.6666666666666666,0.47311827956989244,33.0
mainstream,0.8493150684931506,0.62,0.7167630057803469,100.0
accuracy,0.631578947368421,0.631578947368421,0.631578947368421,0.631578947368421
macro avg,0.6079908675799086,0.6433333333333333,0.5949406426751197,133.0
weighted avg,0.7295602018745494,0.631578947368421,0.6563098030363995,133.0
