,precision,recall,f1-score,support
conspiracy,0.4177215189873418,0.9166666666666666,0.5739130434782609,36.0
mainstream,0.9444444444444444,0.5257731958762887,0.6754966887417219,97.0
accuracy,0.631578947368421,0.631578947368421,0.631578947368421,0.631578947368421
macro avg,0.6810829817158931,0.7212199312714777,0.6247048661099914,133.0
weighted avg,0.801872825523725,0.631578947368421,0.6480003637080032,133.0
