,precision,recall,f1-score,support
conspiracy,0.3269230769230769,0.5483870967741935,0.4096385542168675,31.0
mainstream,0.8271604938271605,0.6568627450980392,0.7322404371584699,102.0
accuracy,0.631578947368421,0.631578947368421,0.631578947368421,0.631578947368421
macro avg,0.5770417853751187,0.6026249209361163,0.5709394956876687,133.0
weighted avg,0.7105638026690658,0.631578947368421,0.657047517074337,133.0
