,precision,recall,f1-score,support
conspiracy,0.9565217391304348,0.6285714285714286,0.7586206896551724,35.0
mainstream,0.8818181818181818,0.9897959183673469,0.9326923076923076,98.0
accuracy,0.8947368421052632,0.8947368421052632,0.8947368421052632,0.8947368421052632
macro avg,0.9191699604743083,0.8091836734693878,0.84565649867374,133.0
weighted avg,0.9014770126898274,0.8947368421052632,0.8868839871562194,133.0
